{
    "images":
    {
		"planb":
		{
            "image" : "custommainmenu:textures/planbtxt.png",
            "posX" : 25,
            "posY" : 10,
            "width" : 312,
            "height" : 88,
            "alignment" : "top_left"
		},
		"modded":
		{
            "image" : "custommainmenu:textures/moddedtxt.png",
            "posX" : -425,
            "posY" : -100,
            "width" : 421,
            "height" : 88,
            "alignment" : "bottom_right"
		}
    },
    
    "buttons":
    {
        "singleplayer":
        {
            "text" : "Singleplayer",
            "posX" : 0,
            "posY" : -28,
			"textOffsetX" : -10,
            "width" : 98,
            "height" : 14,
            "normalTextColor" : -1,
			"hoverTextColor" : 10027008,
			"alignment" : "left_center",
			"texture" : "custommainmenu:textures/blankbutton.png",
            "action" : 
            {
                "type" : "openGui",
                "gui" : "singleplayer"
            }
        },        
        "multiplayer":
        {
            "text" : "Multiplayer",
            "posX" : 0,
            "posY" : -14,
			"textOffsetX" : -14,
            "width" : 98,
            "height" : 14,
            "normalTextColor" : -1,
			"hoverTextColor" : 10027008,
			"alignment" : "left_center",
			"texture" : "custommainmenu:textures/blankbutton.png",
            "action" : 
            {
                "type" : "openGui",
                "gui" : "multiplayer"
            }
        },
        "options":
        {
            "text" : "Options",
            "posX" : 0,
            "posY" : 0,
			"textOffsetX" : -23,
            "width" : 98,
            "height" : 14,
            "normalTextColor" : -1,
			"hoverTextColor" : 10027008,
			"alignment" : "left_center",
			"texture" : "custommainmenu:textures/blankbutton.png",
            "action" : 
            {
                "type" : "openGui",
                "gui" : "options"
            }
        },		
        "mods":
        {
            "text" : "Mods",
            "posX" : 0,
            "posY" : 14,
			"textOffsetX" : -28,
            "width" : 98,
            "height" : 14,
            "normalTextColor" : -1,
			"hoverTextColor" : 10027008,
			"alignment" : "left_center",
			"texture" : "custommainmenu:textures/blankbutton.png",
            "action" : 
            {
                "type" : "openGui",
                "gui" : "mods"
            }
        },
        "language":
        {
            "text" : "Language",
            "posX" : 0,
            "posY" : 28,
			"textOffsetX" : -16,
            "width" : 98,
            "height" : 14,
            "normalTextColor" : -1,
			"hoverTextColor" : 10027008,
			"alignment" : "left_center",
			"texture" : "custommainmenu:textures/blankbutton.png",
            "action" : 
            {
                "type" : "openGui",
                "gui" : "languages"
            }
        },
        "pack support":
        {
            "text" : "Pack Support",
            "posX" : -90,
            "posY" : -28,
			"textOffsetX" : 0,
            "width" : 98,
            "height" : 14,
            "normalTextColor" : -1,
			"hoverTextColor" : 10027008,
			"alignment" : "right_center",
			"texture" : "custommainmenu:textures/blankbutton.png",
            "action" : 
            {
                "type" : "openLink",
				"link" : "https://minecraft.curseforge.com/projects/planb-modded/files/2519455"
            }
        },		
        "changelog":
        {
            "text" : "Changelogs",
            "posX" : -90,
            "posY" : -14,
			"textOffsetX" : 5,
            "width" : 98,
            "height" : 14,
            "normalTextColor" : -1,
			"hoverTextColor" : 10027008,
			"alignment" : "right_center",
			"texture" : "custommainmenu:textures/blankbutton.png",
            "action" : 
            {
                "type" : "openLink",
				"link" : "https://minecraft.curseforge.com/projects/planb-modded/files/2519455"
            }
        },
		"website":
        {
            "text" : "Website",
            "posX" : -90,
            "posY" : 0,
			"textOffsetX" : 15,
            "width" : 98,
            "height" : 14,
            "normalTextColor" : -1,
			"hoverTextColor" : 10027008,
			"alignment" : "right_center",
			"texture" : "custommainmenu:textures/blankbutton.png",
            "action" : 
            {
                "type" : "openLink",
				"link" : "http://planb-mc.com/"
            }
        },		
		"forums":
        {
            "text" : "Forums",
            "posX" : -90,
            "posY" : 14,
			"textOffsetX" : 15,
            "width" : 98,
            "height" : 14,
            "normalTextColor" : -1,
			"hoverTextColor" : 10027008,
			"alignment" : "right_center",
			"texture" : "custommainmenu:textures/blankbutton.png",
            "action" : 
            {
                "type" : "openLink",
				"link" : "http://planb-mc.com/"
            }
        },				        
        "quit":
        {
            "text" : "Quit",
            "posX" : -90,
            "posY" : 28,
			"textOffsetX" : 22,
            "width" : 98,
            "height" : 14,
            "normalTextColor" : -1,
			"hoverTextColor" : 10027008,
			"alignment" : "right_center",
			"texture" : "custommainmenu:textures/blankbutton.png",
            "action" : 
            {
                "type" : "quit"
            }
        },	        
        "refresh":
        {
            "text" : "",
            "posX" : -20,
            "posY" : 0,
            "width" : 20,
            "height" : 20,
			"alignment" : "top_right",
            "texture" : "custommainmenu:textures/blankbutton.png",
            "action" : 
            {
                "type" : "refresh"
            }
        }	
    },
    
    "labels":
    {
		"forge":{
			"text" : "Forge #forgeversion#",
            "posX" : 2,
            "posY" : -13,
			"fontSize" : .6,
            "color" : -1,
			"hoverColor" : -1,
            "alignment" : "bottom_left"
		},
		"modsloaded":{
			"text" : "#modsloaded# Mods Loaded",
            "posX" : 2,
            "posY" : -7,
			"fontSize" : .6,
            "color" : -1,
			"hoverColor" : -1,
            "alignment" : "bottom_left"
		},
		"minecraft":{
			"text" : "Minecraft 1.12.2",
            "posX" : -50,
            "posY" : -13,
			"fontSize" : .6,
            "color" : -1,
			"hoverColor" : -1,
            "alignment" : "bottom_right"
		},
		"mojang":
        {
            "text" : "Copyright Mojang AB",
            "posX" : -65,
            "posY" : -7,
			"fontSize" : .6,
            "color" : -1,
			"hoverColor" : -1,
            "alignment" : "bottom_right"
        }
    },
    
    "other":
    {
		"background":
		{
			"image" : "custommainmenu:textures/background.png",
			"mode" : "fill"
		}
    }
	
}